"Method","Feature"
"Basic","218314_s_at"
"Basic","213001_at"
"Basic","208789_at"
"Basic","205653_at"
"Basic","212419_at"
"Basic","210260_s_at"
"Basic","213816_s_at"
"Basic","201717_at"
"Basic","204840_s_at"
"Basic","209200_at"
"Basic","202559_x_at"
"Basic","203698_s_at"
"Basic","200944_s_at"
"Basic","212757_s_at"
"Basic","203565_s_at"
"Basic","221276_s_at"
"Basic","213592_at"
"Basic","201301_s_at"
"Basic","212344_at"
"Basic","213707_s_at"
"Basic","203747_at"
"Basic","206920_s_at"
"Basic","214638_s_at"
"Basic","218454_at"
"Basic","219607_s_at"
"Basic","211340_s_at"
"Basic","221599_at"
"Basic","205810_s_at"
"Basic","212421_at"
"Basic","214913_at"
"Basic","209692_at"
"Basic","204988_at"
"Basic","218481_at"
"Basic","201446_s_at"
"Basic","212602_at"
"Basic","206682_at"
"Basic","206228_at"
"Basic","207060_at"
"Basic","208832_at"
"Basic","222087_at"
"Basic","211587_x_at"
"Basic","217216_x_at"
"Basic","210982_s_at"
"Basic","203035_s_at"
"Basic","206048_at"
"Basic","213819_s_at"
"Basic","210819_x_at"
"Basic","203562_at"
"Basic","212921_at"
"Basic","202647_s_at"
"Basic","219959_at"
"Basic","209754_s_at"
"Basic","202846_s_at"
"Basic","219313_at"
"Basic","214814_at"
"Basic","204584_at"
"Basic","211975_at"
"Basic","201937_s_at"
"Basic","210658_s_at"
"Basic","208259_x_at"
"Basic","201859_at"
"Basic","208018_s_at"
"Basic","209856_x_at"
"Basic","219556_at"
"Basic","208968_s_at"
"Basic","206993_at"
"Basic","213067_at"
"Basic","209473_at"
"Basic","205790_at"
"Basic","211776_s_at"
"Basic","206251_s_at"
"Basic","58916_at"
"Basic","205401_at"
"Basic","207782_s_at"
"Basic","206063_x_at"
"Basic","218605_at"
"Basic","201014_s_at"
"Basic","214941_s_at"
"Basic","216818_s_at"
"Basic","212364_at"
"Basic","216905_s_at"
"Basic","212429_s_at"
"Basic","212737_at"
"Basic","204519_s_at"
"Basic","215797_at"
"Basic","216807_at"
"Basic","213875_x_at"
"Basic","201863_at"
"Basic","201347_x_at"
"Basic","212528_at"
"Basic","213900_at"
"Basic","204435_at"
"Basic","203622_s_at"
"Basic","202128_at"
"Basic","214902_x_at"
"Basic","208778_s_at"
"Basic","203219_s_at"
"Basic","213796_at"
"Basic","209676_at"
"Basic","218725_at"
"Basic","220690_s_at"
"Basic","396_f_at"
"Basic","210691_s_at"
"Basic","206948_at"
"Basic","211343_s_at"
"Basic","216308_x_at"
"Basic","205100_at"
"Basic","217639_at"
"Basic","218076_s_at"
"Basic","210935_s_at"
"Basic","213935_at"
"Basic","204370_at"
"Basic","208284_x_at"
"Basic","213937_s_at"
"Basic","200825_s_at"
"Basic","205726_at"
"Basic","206831_s_at"
"Basic","206561_s_at"
"Basic","216406_at"
"Basic","211270_x_at"
"Basic","218217_at"
"Basic","205630_at"
"Basic","220847_x_at"
"Basic","209505_at"
"Basic","204175_at"
"Basic","217100_s_at"
"Basic","201796_s_at"
"Basic","212377_s_at"
"Basic","213160_at"
"Basic","201718_s_at"
"Basic","214283_at"
"Basic","220261_s_at"
"Basic","212699_at"
"Basic","216547_at"
"Basic","215431_at"
"Basic","201842_s_at"
"Basic","204518_s_at"
"Basic","201954_at"
"Basic","210986_s_at"
"Basic","211060_x_at"
"Basic","209237_s_at"
"Basic","215711_s_at"
"Basic","210987_x_at"
"Basic","208442_s_at"
"Basic","203477_at"
"Basic","212233_at"
"Basic","213245_at"
"Basic","209961_s_at"
"Basic","207287_at"
"Basic","209433_s_at"
"Basic","203762_s_at"
"Basic","212166_at"
"Basic","219389_at"
"Basic","203710_at"
"Basic","207041_at"
"Basic","217474_at"
"Basic","206900_x_at"
"Basic","203164_at"
"Basic","207434_s_at"
"Basic","200065_s_at"
"Basic","220930_s_at"
"Basic","36936_at"
"Basic","212486_s_at"
"Basic","202862_at"
"Basic","216548_x_at"
"Basic","217754_at"
"Basic","201491_at"
"Basic","43977_at"
"Basic","210048_at"
"Basic","215694_at"
"Basic","215043_s_at"
"Basic","203110_at"
"Basic","202720_at"
"Basic","207184_at"
"Basic","207414_s_at"
"Basic","206587_at"
"Basic","211934_x_at"
"Basic","220355_s_at"
"Basic","200728_at"
"Basic","214551_s_at"
"Basic","212049_at"
"Basic","206438_x_at"
"Basic","218403_at"
"Basic","203222_s_at"
"Basic","221696_s_at"
"Basic","216757_at"
"Basic","215317_at"
"Basic","217458_at"
"Basic","201576_s_at"
"Basic","209705_at"
"Basic","204915_s_at"
"Basic","219930_at"
"Basic","211641_x_at"
"Basic","211582_x_at"
"Basic","209261_s_at"
"Basic","221736_at"
"Basic","221901_at"
"Basic","209442_x_at"
"Basic","212253_x_at"
"Basic","213923_at"
"Basic","212503_s_at"
"Basic","205292_s_at"
"Basic","202158_s_at"
"Basic","214895_s_at"
"Basic","221248_s_at"
"Basic","205222_at"
"Basic","58780_s_at"
"Basic","214297_at"
"Basic","212876_at"
"Basic","200976_s_at"
"Basic","211458_s_at"
"Basic","219478_at"
"Basic","209949_at"
"Basic","212231_at"
"Basic","222296_at"
"Basic","211685_s_at"
"Basic","220189_s_at"
"Basic","216628_at"
"Basic","204327_s_at"
"Basic","201050_at"
"Basic","213802_at"
"Basic","201452_at"
"Basic","219892_at"
"Basic","213119_at"
"Basic","41397_at"
"Basic","202579_x_at"
"Basic","219318_x_at"
"Basic","204351_at"
"Basic","221732_at"
"Basic","213493_at"
"Basic","208160_at"
"Basic","201066_at"
"Basic","215300_s_at"
"Basic","217512_at"
"Basic","213941_x_at"
"Basic","221197_s_at"
"Basic","207966_s_at"
"Basic","210476_s_at"
"Basic","211097_s_at"
"Basic","213279_at"
"Basic","204231_s_at"
"Basic","220139_at"
"Basic","217877_s_at"
"Basic","205286_at"
"Basic","210604_at"
"Basic","214104_at"
"Basic","202079_s_at"
"Basic","204410_at"
"Basic","205017_s_at"
"Basic","201720_s_at"
"Basic","215794_x_at"
"Basic","213197_at"
"Basic","200920_s_at"
"Basic","205558_at"
"Basic","205317_s_at"
"Basic","216638_s_at"
"Basic","203961_at"
"Basic","205065_at"
"Basic","203109_at"
"Basic","208115_x_at"
"Basic","217468_at"
"Basic","200081_s_at"
"Basic","203533_s_at"
"Basic","205052_at"
"Basic","206238_s_at"
"Basic","200857_s_at"
"Basic","208844_at"
"Basic","203588_s_at"
"Basic","204531_s_at"
"Basic","209762_x_at"
"Basic","206097_at"
"Basic","204497_at"
"Basic","217218_at"
"Basic","211002_s_at"
"Basic","202519_at"
"Basic","217815_at"
"Basic","209384_at"
"Basic","210733_at"
"Basic","209942_x_at"
"Basic","206235_at"
"Basic","206698_at"
"Basic","216470_x_at"
"Basic","217260_x_at"
"Basic","211324_s_at"
"Basic","218666_s_at"
"Basic","212672_at"
"Basic","201789_at"
"Basic","220312_at"
"Basic","213741_s_at"
"Basic","205194_at"
"Basic","218425_at"
"Basic","221508_at"
"Basic","220043_s_at"
"Basic","210755_at"
"Basic","210569_s_at"
"Basic","208801_at"
"Basic","209909_s_at"
"Basic","219454_at"
"Basic","206585_at"
"Basic","213125_at"
"Basic","212366_at"
"Basic","221102_s_at"
"Basic","220768_s_at"
"Basic","91682_at"
"Basic","204218_at"
"Basic","203064_s_at"
"Basic","222380_s_at"
"Basic","213600_at"
"Basic","207623_at"
"Basic","209865_at"
"Basic","204157_s_at"
"Basic","202919_at"
"Basic","216393_at"
"Basic","216158_at"
"Basic","208176_at"
"Basic","206740_x_at"
"Basic","206869_at"
"Basic","217706_at"
"Basic","213464_at"
"Basic","209602_s_at"
"Basic","217236_x_at"
"Basic","210555_s_at"
"Basic","220998_s_at"
"Basic","215091_s_at"
"Basic","211529_x_at"
"Basic","221778_at"
"Basic","64883_at"
"Basic","219638_at"
"Basic","206754_s_at"
"Basic","215275_at"
"Basic","203160_s_at"
"Basic","91920_at"
"Basic","208082_x_at"
"Basic","215192_at"
"Basic","201547_at"
"Basic","221647_s_at"
"Basic","221821_s_at"
"Basic","212902_at"
"Basic","201240_s_at"
"Basic","208904_s_at"
"Basic","211389_x_at"
"Basic","217985_s_at"
"Basic","215975_x_at"
"Basic","202738_s_at"
"Basic","200969_at"
"Basic","208341_x_at"
"Basic","218768_at"
"Basic","208493_at"
"Basic","210389_x_at"
"Basic","222060_at"
"Basic","216462_at"
"Basic","208992_s_at"
"Basic","205917_at"
"Basic","205552_s_at"
"Basic","203629_s_at"
"Basic","209835_x_at"
"Basic","217516_x_at"
"Basic","211580_s_at"
"Basic","219547_at"
"Basic","201304_at"
"Basic","214743_at"
"Basic","215286_s_at"
"Basic","217204_at"
"Basic","208495_at"
"Basic","216479_at"
"Basic","220931_at"
"Basic","213650_at"
"Basic","221570_s_at"
"Basic","209314_s_at"
"Basic","211628_x_at"
"Basic","218987_at"
"Basic","220184_at"
"Basic","220284_at"
"Basic","212944_at"
"Basic","204474_at"
"Basic","211303_x_at"
"Basic","203368_at"
"Basic","206663_at"
"Basic","205195_at"
"Basic","206746_at"
"Basic","210221_at"
"Basic","208390_s_at"
"Basic","217180_at"
"Basic","202456_s_at"
"Basic","214345_at"
"Basic","207708_at"
"Basic","207359_at"
"Basic","203055_s_at"
"Basic","204185_x_at"
"Basic","204989_s_at"
"Basic","209351_at"
"Basic","206970_at"
"Basic","209697_at"
"Basic","200990_at"
"Basic","219507_at"
"Basic","215134_at"
"Basic","219612_s_at"
"Basic","214220_s_at"
"Basic","213507_s_at"
"Basic","215755_at"
"Basic","214563_at"
"Basic","219315_s_at"
"Basic","211325_x_at"
"Basic","215498_s_at"
"Basic","206623_at"
"Basic","212036_s_at"
"Basic","202014_at"
"Basic","210277_at"
"Basic","222075_s_at"
"Basic","214262_at"
"Basic","217502_at"
"Basic","207262_at"
"Basic","220428_at"
"Basic","213953_at"
"Basic","201271_s_at"
"Basic","201531_at"
"Basic","204110_at"
"Basic","213265_at"
"Basic","206807_s_at"
"Basic","211111_at"
"Basic","211266_s_at"
"Basic","215466_at"
"Basic","202867_s_at"
"Basic","207051_at"
"Basic","212157_at"
"Basic","202742_s_at"
"Basic","220845_at"
"Basic","218016_s_at"
"Basic","207235_s_at"
"Basic","218047_at"
"Basic","209555_s_at"
"Basic","210530_s_at"
"Basic","206371_at"
"Basic","203290_at"
"Basic","204842_x_at"
"Basic","206039_at"
"Basic","217428_s_at"
"Basic","204895_x_at"
"Basic","217479_at"
"Basic","57082_at"
"Basic","217334_at"
"Basic","217229_at"
"Basic","210965_x_at"
"Basic","211191_at"
"Basic","219753_at"
"Basic","217413_s_at"
"Basic","208199_s_at"
"Basic","205617_at"
"Basic","200620_at"
"Basic","212601_at"
"Basic","207127_s_at"
"Basic","207521_s_at"
"Basic","217195_at"
"Basic","211956_s_at"
"Basic","207526_s_at"
"Basic","202053_s_at"
"Basic","212555_at"
"Basic","220673_s_at"
"Basic","219771_at"
"Basic","209588_at"
"Basic","210348_at"
"Basic","213395_at"
"Basic","205966_at"
"Basic","202119_s_at"
"Basic","37020_at"
"Basic","217278_x_at"
"Basic","203502_at"
"Basic","201516_at"
"Basic","221721_s_at"
"Basic","207242_s_at"
"Basic","218291_at"
"Basic","216167_at"
"Basic","53912_at"
"Basic","206252_s_at"
"Basic","206850_at"
"Basic","203767_s_at"
"Basic","211460_at"
"Basic","203208_s_at"
"Basic","211897_s_at"
"Basic","216786_at"
"Basic","206526_at"
"Basic","211086_x_at"
"Basic","221239_s_at"
"Basic","204743_at"
"Basic","203771_s_at"
"Basic","218378_s_at"
"Basic","211942_x_at"
"Basic","207562_at"
"Basic","219228_at"
"Basic","210090_at"
"Basic","215739_s_at"
"Basic","208530_s_at"
"Basic","202038_at"
"Basic","202823_at"
"Basic","208372_s_at"
"Basic","201759_at"
"Basic","65438_at"
"Basic","214704_at"
"Basic","221892_at"
"Basic","217355_at"
"Basic","205510_s_at"
"Basic","214809_at"
"Basic","219870_at"
"Basic","214211_at"
"Basic","202980_s_at"
"Basic","216990_at"
"Basic","217141_at"
"Basic","202294_at"
"Basic","210303_at"
"Basic","211319_at"
"Basic","208963_x_at"
"Basic","202250_s_at"
"Basic","216508_x_at"
"Basic","218153_at"
"Basic","207214_at"
"Basic","219668_at"
"Basic","208861_s_at"
"Basic","207144_s_at"
"Basic","205491_s_at"
"Basic","210687_at"
"Basic","208185_x_at"
"Basic","201561_s_at"
"Basic","221017_s_at"
"Basic","208911_s_at"
"Basic","210092_at"
"Basic","217348_x_at"
"Basic","222220_s_at"
"Basic","218860_at"
"Basic","210770_s_at"
"Basic","218542_at"
"Basic","206971_at"
"Basic","206061_s_at"
"Basic","210025_s_at"
"Basic","209051_s_at"
"RFECV","218314_s_at"
"RFECV","213592_at"
"RFECV","205653_at"
"RFECV","214814_at"
"RFECV","214638_s_at"
"RFECV","212419_at"
"RFECV","218217_at"
"RFECV","210476_s_at"
"RFECV","201717_at"
"RFECV","221276_s_at"
"RFECV","214913_at"
"RFECV","221599_at"
"RFECV","204840_s_at"
"RFECV","203160_s_at"
"RFECV","202559_x_at"
"RFECV","203747_at"
"RFECV","204110_at"
"RFECV","206993_at"
"RFECV","206251_s_at"
"RFECV","219313_at"
"RFECV","205630_at"
"RFECV","213001_at"
"RFECV","213816_s_at"
"RFECV","206048_at"
"RFECV","213802_at"
"RFECV","220847_x_at"
"RFECV","212344_at"
"RFECV","206682_at"
"RFECV","210260_s_at"
"RFECV","209692_at"
"RFECV","200944_s_at"
"RFECV","211343_s_at"
"RFECV","219959_at"
"RFECV","210819_x_at"
"RFECV","204988_at"
"RFECV","213819_s_at"
"RFECV","203477_at"
"RFECV","205810_s_at"
"RFECV","212364_at"
"RFECV","218725_at"
"RFECV","213875_x_at"
"RFECV","218481_at"
"RFECV","201863_at"
"RFECV","212166_at"
"RFECV","58916_at"
"RFECV","204915_s_at"
"RFECV","202079_s_at"
"RFECV","216547_at"
"RFECV","212233_at"
"RFECV","200825_s_at"
"RFECV","217512_at"
"RFECV","214297_at"
"RFECV","204497_at"
"RFECV","201347_x_at"
"RFECV","209961_s_at"
"RFECV","217216_x_at"
"RFECV","201301_s_at"
"RFECV","208259_x_at"
"RFECV","211340_s_at"
"RFECV","210048_at"
"RFECV","210982_s_at"
"RFECV","209754_s_at"
"RFECV","203565_s_at"
"RFECV","211975_at"
"RFECV","202846_s_at"
"RFECV","208789_at"
"RFECV","204584_at"
"RFECV","206831_s_at"
"RFECV","201859_at"
"RFECV","203698_s_at"
"RFECV","208832_at"
"RFECV","220690_s_at"
"RFECV","212602_at"
"RFECV","216905_s_at"
"RFECV","217754_at"
"RFECV","202158_s_at"
"RFECV","208018_s_at"
"RFECV","206920_s_at"
"RFECV","209442_x_at"
"RFECV","204519_s_at"
"RFECV","206623_at"
"RFECV","206900_x_at"
"RFECV","205222_at"
"RFECV","212757_s_at"
"RFECV","215694_at"
"RFECV","207041_at"
"RFECV","215431_at"
"RFECV","206948_at"
"RFECV","215797_at"
"RFECV","209384_at"
"RFECV","207060_at"
"RFECV","218454_at"
"RFECV","212421_at"
"RFECV","208778_s_at"
"RFECV","203035_s_at"
"RFECV","206228_at"
"RFECV","211587_x_at"
"RFECV","216818_s_at"
"RFECV","217639_at"
"RFECV","213796_at"
"RFECV","216638_s_at"
"RFECV","212429_s_at"
"RFECV","209949_at"
"RFECV","222087_at"
"RFECV","216308_x_at"
"RFECV","217100_s_at"
"RFECV","209200_at"
"RFECV","217458_at"
"RFECV","212528_at"
"RFECV","204435_at"
"RFECV","219556_at"
"RFECV","209261_s_at"
"RFECV","216406_at"
"RFECV","216628_at"
"RFECV","205401_at"
"RFECV","211641_x_at"
"RFECV","211324_s_at"
"RFECV","212486_s_at"
"RFECV","206063_x_at"
"RFECV","201796_s_at"
"RFECV","200065_s_at"
"RFECV","218605_at"
"RFECV","217180_at"
"RFECV","203219_s_at"
"RFECV","207434_s_at"
"RFECV","207782_s_at"
"RFECV","216807_at"
"RFECV","221570_s_at"
"RFECV","201446_s_at"
"RFECV","203622_s_at"
"RFECV","43977_at"
"RFECV","201718_s_at"
"RFECV","205790_at"
"RFECV","203710_at"
"RFECV","210604_at"
"RFECV","204518_s_at"
"RFECV","211776_s_at"
"RFECV","211582_x_at"
"RFECV","205726_at"
"RFECV","217218_at"
"RFECV","219607_s_at"
"RFECV","219930_at"
"RFECV","213067_at"
"RFECV","215300_s_at"
"RFECV","203562_at"
"RFECV","214551_s_at"
"RFECV","210935_s_at"
"RFECV","209473_at"
"RFECV","213935_at"
"RFECV","207184_at"
"RFECV","219318_x_at"
"RFECV","201066_at"
"RFECV","210658_s_at"
"RFECV","220930_s_at"
"RFECV","205617_at"
"RFECV","215091_s_at"
"RFECV","208341_x_at"
"RFECV","221017_s_at"
"RFECV","213160_at"
"RFECV","206561_s_at"
"RFECV","203164_at"
"RFECV","215043_s_at"
"RFECV","213464_at"
"RFECV","213245_at"
"RFECV","396_f_at"
"RFECV","214283_at"
"RFECV","208372_s_at"
"RFECV","200976_s_at"
"RFECV","209856_x_at"
"RFECV","221736_at"
"RFECV","213900_at"
"RFECV","219389_at"
"RFECV","218403_at"
"RFECV","221508_at"
"RFECV","201304_at"
"RFECV","214809_at"
"RFECV","201937_s_at"
"RFECV","214895_s_at"
"RFECV","201491_at"
"RFECV","212699_at"
"RFECV","91682_at"
"RFECV","203110_at"
"RFECV","207526_s_at"
"RFECV","220312_at"
"RFECV","210986_s_at"
"RFECV","212231_at"
"RFECV","207051_at"
"RFECV","213937_s_at"
"RFECV","202579_x_at"
"RFECV","204175_at"
"RFECV","202647_s_at"
"RFECV","213707_s_at"
"RFECV","207966_s_at"
"RFECV","41397_at"
"RFECV","216757_at"
"RFECV","205917_at"
"RFECV","222220_s_at"
"RFECV","208844_at"
"RFECV","208968_s_at"
"RFECV","217815_at"
"RFECV","202720_at"
"RFECV","213279_at"
"RFECV","209433_s_at"
"RFECV","212503_s_at"
"RFECV","215711_s_at"
"RFECV","214902_x_at"
"RFECV","200990_at"
"RFECV","201842_s_at"
"RFECV","204351_at"
"RFECV","220931_at"
"RFECV","200728_at"
"RFECV","204531_s_at"
"RFECV","212377_s_at"
"RFECV","222296_at"
"RFECV","203961_at"
"RFECV","206438_x_at"
"RFECV","36936_at"
"RFECV","203588_s_at"
"RFECV","216470_x_at"
"RFECV","211460_at"
"RFECV","212737_at"
"RFECV","209505_at"
"RFECV","206097_at"
"RFECV","201954_at"
"RFECV","210691_s_at"
"RFECV","217260_x_at"
"RFECV","215317_at"
"RFECV","205065_at"
"RFECV","212049_at"
"RFECV","219612_s_at"
"RFECV","220261_s_at"
"RFECV","207242_s_at"
"RFECV","205017_s_at"
"RFECV","217706_at"
"RFECV","208160_at"
"RFECV","209676_at"
"RFECV","217141_at"
"RFECV","221696_s_at"
"RFECV","201720_s_at"
"RFECV","203533_s_at"
"RFECV","201050_at"
"RFECV","203762_s_at"
"RFECV","215975_x_at"
"RFECV","211685_s_at"
"RFECV","213493_at"
"RFECV","217502_at"
"RFECV","220284_at"
"RFECV","211303_x_at"
"RFECV","218768_at"
"RFECV","211325_x_at"
"RFECV","217229_at"
"RFECV","202128_at"
"RFECV","211060_x_at"
"RFECV","201789_at"
"RFECV","204370_at"
"RFECV","206585_at"
"RFECV","209237_s_at"
"RFECV","211897_s_at"
"RFECV","218425_at"
"RFECV","212921_at"
"RFECV","207287_at"
"RFECV","205286_at"
"RFECV","91920_at"
"RFECV","214941_s_at"
"RFECV","211097_s_at"
"RFECV","205100_at"
"RFECV","205491_s_at"
"RFECV","207708_at"
"RFECV","208801_at"
"RFECV","217877_s_at"
"RFECV","218076_s_at"
"RFECV","222380_s_at"
"RFECV","214345_at"
"RFECV","209705_at"
"RFECV","206587_at"
"RFECV","213197_at"
"RFECV","210555_s_at"
"RFECV","37020_at"
"RFECV","213125_at"
"RFECV","217413_s_at"
"RFECV","58780_s_at"
"RFECV","201452_at"
"RFECV","219454_at"
"RFECV","207414_s_at"
"RFECV","200081_s_at"
"RFECV","201014_s_at"
"RFECV","202294_at"
"RFECV","206039_at"
"RFECV","208082_x_at"
"RFECV","210348_at"
"RFECV","214104_at"
"RFECV","215466_at"
"RFECV","216548_x_at"
"RFECV","222060_at"
"RFECV","210987_x_at"
"RFECV","206807_s_at"
"RFECV","211389_x_at"
"RFECV","221901_at"
"RFECV","221732_at"
"RFECV","200920_s_at"
"RFECV","201240_s_at"
"RFECV","201531_at"
"RFECV","202738_s_at"
"RFECV","206526_at"
"RFECV","207214_at"
"RFECV","208185_x_at"
"RFECV","208390_s_at"
"RFECV","209555_s_at"
"RFECV","210770_s_at"
"RFECV","213941_x_at"
"RFECV","217195_at"
"RFECV","208442_s_at"
"RFECV","210755_at"
"RFECV","200969_at"
"RFECV","208284_x_at"
"RFECV","211270_x_at"
"RFECV","201576_s_at"
"RFECV","202119_s_at"
"RFECV","206371_at"
"RFECV","206746_at"
"RFECV","210530_s_at"
"RFECV","211934_x_at"
"RFECV","211942_x_at"
"RFECV","212366_at"
"RFECV","212555_at"
"RFECV","212944_at"
"RFECV","214704_at"
"RFECV","215134_at"
"RFECV","217334_at"
"RFECV","217468_at"
"RFECV","218987_at"
"RFECV","219547_at"
"RFECV","219870_at"
"RFECV","221721_s_at"
"RFECV","209762_x_at"
"RFECV","217516_x_at"
"RFECV","208115_x_at"
"RFECV","202862_at"
"RFECV","219638_at"
"RFECV","213265_at"
"RFECV","205292_s_at"
"RFECV","221239_s_at"
"RFECV","202980_s_at"
"RFECV","203222_s_at"
"RFECV","203629_s_at"
"RFECV","206235_at"
"RFECV","206663_at"
"RFECV","206850_at"
"RFECV","207127_s_at"
"RFECV","208904_s_at"
"RFECV","209602_s_at"
"RFECV","211956_s_at"
"RFECV","213395_at"
"RFECV","214211_at"
"RFECV","218016_s_at"
"RFECV","219228_at"
"RFECV","219315_s_at"
"RFECV","220355_s_at"
"RFECV","220673_s_at"
"RFECV","221647_s_at"
"RFECV","213119_at"
"RFECV","205558_at"
"RFECV","204231_s_at"
"RFECV","211529_x_at"
"RFECV","212157_at"
"RFECV","202456_s_at"
"RFECV","207623_at"
"RFECV","215192_at"
"RFECV","201271_s_at"
"RFECV","201759_at"
"RFECV","202014_at"
"RFECV","202053_s_at"
"RFECV","204474_at"
"RFECV","204842_x_at"
"RFECV","207521_s_at"
"RFECV","210025_s_at"
"RFECV","210303_at"
"RFECV","211266_s_at"
"RFECV","211319_at"
"RFECV","211580_s_at"
"RFECV","211628_x_at"
"RFECV","212876_at"
"RFECV","213600_at"
"RFECV","213923_at"
"RFECV","217204_at"
"RFECV","218291_at"
"RFECV","218542_at"
"RFECV","219507_at"
"RFECV","219771_at"
"RFECV","219892_at"
"RFECV","221102_s_at"
"RFECV","221778_at"
"RFECV","201547_at"
"RFECV","202038_at"
"RFECV","203290_at"
"RFECV","204218_at"
"RFECV","204327_s_at"
"RFECV","204743_at"
"RFECV","204989_s_at"
"RFECV","205966_at"
"RFECV","206698_at"
"RFECV","206971_at"
"RFECV","208199_s_at"
"RFECV","208963_x_at"
"RFECV","208992_s_at"
"RFECV","209314_s_at"
"RFECV","209351_at"
"RFECV","209588_at"
"RFECV","210090_at"
"RFECV","210277_at"
"RFECV","210965_x_at"
"RFECV","211191_at"
"RFECV","211458_s_at"
"RFECV","212036_s_at"
"RFECV","212902_at"
"RFECV","215275_at"
"RFECV","216167_at"
"RFECV","217278_x_at"
"RFECV","218666_s_at"
"RFECV","220139_at"
"RFECV","220184_at"
"RFECV","220998_s_at"
"RFECV","209909_s_at"
"RFECV","205195_at"
"RFECV","209835_x_at"
"RFECV","221248_s_at"
"RFECV","210569_s_at"
"RFECV","204157_s_at"
"RFECV","202867_s_at"
"RFECV","203502_at"
"RFECV","204185_x_at"
"RFECV","204895_x_at"
"RFECV","206970_at"
"RFECV","207562_at"
"RFECV","210092_at"
"RFECV","211111_at"
"RFECV","216462_at"
"RFECV","216479_at"
"RFECV","219668_at"
"RFECV","221821_s_at"
"RFECV","216158_at"
"RFECV","217236_x_at"
"RFECV","209051_s_at"
"RFECV","208493_at"
"RFECV","218860_at"
"RFECV","200857_s_at"
"RFECV","203208_s_at"
"RFECV","203767_s_at"
"RFECV","205510_s_at"
"RFECV","206061_s_at"
"RFECV","206252_s_at"
"RFECV","206869_at"
"RFECV","209697_at"
"RFECV","211086_x_at"
"RFECV","212601_at"
"RFECV","212672_at"
"RFECV","213741_s_at"
"RFECV","214220_s_at"
"RFECV","214743_at"
"RFECV","217348_x_at"
"RFECV","217355_at"
"RFECV","217428_s_at"
"RFECV","218378_s_at"
"RFECV","220043_s_at"
"RFECV","220768_s_at"
"RFECV","220845_at"
"RFECV","221892_at"
"RFECV","57082_at"
"RFECV","65438_at"
"RFECV","208861_s_at"
"RFECV","210733_at"
"RFECV","203368_at"
"RFECV","211002_s_at"
"RFECV","214563_at"
"RFECV","208176_at"
"RFECV","200620_at"
"RFECV","202919_at"
"RFECV","203771_s_at"
"RFECV","205317_s_at"
"RFECV","205552_s_at"
"RFECV","207144_s_at"
"RFECV","213507_s_at"
"RFECV","213650_at"
"RFECV","216508_x_at"
"RFECV","218047_at"
"RFECV","222075_s_at"
"RFECV","213953_at"
"RFECV","64883_at"
"RFECV","215755_at"
"RFECV","208495_at"
"RFECV","214262_at"
"RFECV","210389_x_at"
"RFECV","203055_s_at"
"RFECV","206740_x_at"
"RFECV","207235_s_at"
"RFECV","207359_at"
"RFECV","208530_s_at"
"RFECV","210687_at"
"RFECV","215286_s_at"
"RFECV","216393_at"
"RFECV","216990_at"
"RFECV","218153_at"
"RFECV","205052_at"
"RFECV","210221_at"
"RFECV","207262_at"
"RFECV","215739_s_at"
"RFECV","220189_s_at"
"RFECV","209865_at"
"RFECV","209942_x_at"
"RFECV","201516_at"
"RFECV","202250_s_at"
"RFECV","202742_s_at"
"RFECV","208911_s_at"
"RFECV","217479_at"
"RFECV","219753_at"
"RFECV","53912_at"
"RFECV","217474_at"
"RFECV","215794_x_at"
"RFECV","219478_at"
"RFECV","220428_at"
"RFECV","205194_at"
"RFECV","202519_at"
"RFECV","202823_at"
"RFECV","203109_at"
"RFECV","216786_at"
"RFECV","212253_x_at"
"RFECV","203064_s_at"
"RFECV","215498_s_at"
"RFECV","221197_s_at"
"RFECV","201561_s_at"
"RFECV","206754_s_at"
"RFECV","204410_at"
"RFECV","217985_s_at"
"RFECV","206238_s_at"
"Gini","221276_s_at"
"Gini","218314_s_at"
"Gini","212419_at"
"Gini","206048_at"
"Gini","205222_at"
"Gini","201717_at"
"Gini","214638_s_at"
"Gini","219313_at"
"Gini","213001_at"
"Gini","214913_at"
"Gini","214297_at"
"Gini","213816_s_at"
"Gini","206251_s_at"
"Gini","58916_at"
"Gini","209754_s_at"
"Gini","203160_s_at"
"Gini","214814_at"
"Gini","218725_at"
"Gini","202559_x_at"
"Gini","217216_x_at"
"Lasso","218314_s_at"
"Lasso","213816_s_at"
"Lasso","206682_at"
"Lasso","217216_x_at"
"Lasso","214814_at"
"Lasso","216818_s_at"
"Boruta","218314_s_at"
"Boruta","205653_at"
"Boruta","212419_at"
"Boruta","201717_at"
"Boruta","221276_s_at"
"Boruta","213592_at"
"Boruta","214638_s_at"
"Boruta","214913_at"
"Boruta","214814_at"
"Boruta","218217_at"
"Boruta","210476_s_at"
"Filter","216638_s_at"
"Filter","222075_s_at"
"Filter","208992_s_at"
"Filter","216393_at"
"Filter","204497_at"
"Filter","221736_at"
"Filter","202742_s_at"
"Filter","214262_at"
"Filter","220673_s_at"
"Filter","213900_at"
"Filter","210348_at"
"Filter","212036_s_at"
"Filter","208442_s_at"
"Filter","209200_at"
"Filter","217413_s_at"
"Filter","204915_s_at"
"Filter","207966_s_at"
"Filter","209602_s_at"
"Filter","217236_x_at"
"Filter","217458_at"
